{
  "metrics": {
    "precision": 0.6484,
    "recall": 0.409,
    "f1": 0.5016,
    "auc": 0.6343,
    "train_size": 3424,
    "val_size": 1549,
    "positive_rate_train": 0.4322,
    "positive_rate_val": 0.5036
  },
  "feature_importances": {
    "hours_since_planned": 0.2266,
    "hour": 0.1925,
    "corridor_base_rate": 0.1729,
    "day_of_week": 0.1292,
    "concurrent_incidents": 0.0819,
    "corridor_encoded": 0.0487,
    "corridor_construction_pct": 0.0467,
    "corridor_breakdown_pct": 0.0396,
    "time_block": 0.0235,
    "has_active_construction": 0.0162,
    "cascade_risk_score": 0.0115,
    "is_weekend": 0.0107,
    "active_planned_events": 0.0001
  },
  "corridor_stats": {
    "Tumkur Road": {
      "total_incidents": 458,
      "base_rate_per_hour": 0.12675474424101726,
      "breakdown_pct": 0.8362445414847162,
      "construction_pct": 0.008733624454148471,
      "high_priority_pct": 0.9912663755458515,
      "median_duration": 36.57142510833334,
      "closure_rate": 0.026200873362445413,
      "peak_hours": [
        21.0,
        20.0,
        3.0
      ],
      "hourly_rates": {
        "0": 29,
        "1": 26,
        "2": 33,
        "3": 35,
        "4": 24,
        "5": 33,
        "6": 22,
        "7": 22,
        "8": 19,
        "9": 10,
        "10": 5,
        "11": 6,
        "12": 5,
        "13": 0,
        "14": 1,
        "15": 0,
        "16": 0,
        "17": 3,
        "18": 20,
        "19": 29,
        "20": 38,
        "21": 44,
        "22": 27,
        "23": 27
      }
    },
    "ORR East 1": {
      "total_incidents": 244,
      "base_rate_per_hour": 0.0696140279227667,
      "breakdown_pct": 0.6311475409836066,
      "construction_pct": 0.06967213114754098,
      "high_priority_pct": 1.0,
      "median_duration": 40.835751566666666,
      "closure_rate": 0.07377049180327869,
      "peak_hours": [
        21.0,
        19.0,
        20.0
      ],
      "hourly_rates": {
        "0": 11,
        "1": 11,
        "2": 11,
        "3": 11,
        "4": 15,
        "5": 9,
        "6": 19,
        "7": 8,
        "8": 20,
        "9": 4,
        "10": 0,
        "11": 3,
        "12": 2,
        "13": 1,
        "14": 0,
        "15": 0,
        "16": 0,
        "17": 2,
        "18": 14,
        "19": 23,
        "20": 22,
        "21": 26,
        "22": 15,
        "23": 15
      }
    },
    "CBD 2": {
      "total_incidents": 104,
      "base_rate_per_hour": 0.02882643599492037,
      "breakdown_pct": 0.49038461538461536,
      "construction_pct": 0.0,
      "high_priority_pct": 1.0,
      "median_duration": 60.29477873333334,
      "closure_rate": 0.0673076923076923,
      "peak_hours": [
        19.0,
        22.0,
        4.0
      ],
      "hourly_rates": {
        "0": 7,
        "1": 5,
        "2": 4,
        "3": 8,
        "4": 10,
        "5": 7,
        "6": 5,
        "7": 5,
        "8": 5,
        "9": 1,
        "10": 0,
        "11": 0,
        "12": 0,
        "13": 0,
        "14": 0,
        "15": 0,
        "16": 0,
        "17": 0,
        "18": 0,
        "19": 16,
        "20": 5,
        "21": 6,
        "22": 11,
        "23": 3
      }
    },
    "ORR East 2": {
      "total_incidents": 187,
      "base_rate_per_hour": 0.05365217063515213,
      "breakdown_pct": 0.2994652406417112,
      "construction_pct": 0.5454545454545454,
      "high_priority_pct": 1.0,
      "median_duration": 31.903825633333334,
      "closure_rate": 0.016042780748663103,
      "peak_hours": [
        21.0,
        20.0,
        19.0
      ],
      "hourly_rates": {
        "0": 4,
        "1": 6,
        "2": 12,
        "3": 4,
        "4": 5,
        "5": 5,
        "6": 3,
        "7": 3,
        "8": 1,
        "9": 0,
        "10": 0,
        "11": 3,
        "12": 0,
        "13": 0,
        "14": 0,
        "15": 0,
        "16": 0,
        "17": 0,
        "18": 12,
        "19": 13,
        "20": 45,
        "21": 57,
        "22": 10,
        "23": 0
      }
    },
    "ORR West 1": {
      "total_incidents": 168,
      "base_rate_per_hour": 0.046714116140852434,
      "breakdown_pct": 0.625,
      "construction_pct": 0.041666666666666664,
      "high_priority_pct": 1.0,
      "median_duration": 57.282264366666666,
      "closure_rate": 0.02976190476190476,
      "peak_hours": [
        21.0,
        5.0,
        20.0
      ],
      "hourly_rates": {
        "0": 9,
        "1": 6,
        "2": 8,
        "3": 8,
        "4": 14,
        "5": 18,
        "6": 11,
        "7": 14,
        "8": 7,
        "9": 1,
        "10": 0,
        "11": 0,
        "12": 0,
        "13": 0,
        "14": 0,
        "15": 1,
        "16": 0,
        "17": 0,
        "18": 0,
        "19": 9,
        "20": 15,
        "21": 31,
        "22": 12,
        "23": 2
      }
    },
    "ORR North 1": {
      "total_incidents": 275,
      "base_rate_per_hour": 0.07610254373144466,
      "breakdown_pct": 0.5563636363636364,
      "construction_pct": 0.13818181818181818,
      "high_priority_pct": 1.0,
      "median_duration": 51.12241125,
      "closure_rate": 0.08,
      "peak_hours": [
        19.0,
        6.0,
        20.0
      ],
      "hourly_rates": {
        "0": 18,
        "1": 13,
        "2": 14,
        "3": 10,
        "4": 19,
        "5": 19,
        "6": 26,
        "7": 14,
        "8": 2,
        "9": 0,
        "10": 3,
        "11": 3,
        "12": 6,
        "13": 1,
        "14": 1,
        "15": 0,
        "16": 0,
        "17": 1,
        "18": 12,
        "19": 35,
        "20": 26,
        "21": 14,
        "22": 19,
        "23": 18
      }
    },
    "Old Madras Road": {
      "total_incidents": 263,
      "base_rate_per_hour": 0.07341061842794618,
      "breakdown_pct": 0.6996197718631179,
      "construction_pct": 0.04182509505703422,
      "high_priority_pct": 1.0,
      "median_duration": 38.0338538,
      "closure_rate": 0.045627376425855515,
      "peak_hours": [
        19.0,
        20.0,
        22.0
      ],
      "hourly_rates": {
        "0": 16,
        "1": 11,
        "2": 16,
        "3": 16,
        "4": 19,
        "5": 16,
        "6": 16,
        "7": 18,
        "8": 9,
        "9": 6,
        "10": 0,
        "11": 1,
        "12": 3,
        "13": 0,
        "14": 0,
        "15": 0,
        "16": 1,
        "17": 1,
        "18": 9,
        "19": 25,
        "20": 22,
        "21": 20,
        "22": 22,
        "23": 10
      }
    },
    "Bellary Road 2": {
      "total_incidents": 379,
      "base_rate_per_hour": 0.10526573049667316,
      "breakdown_pct": 0.7097625329815304,
      "construction_pct": 0.047493403693931395,
      "high_priority_pct": 1.0,
      "median_duration": 50.716228816666664,
      "closure_rate": 0.0316622691292876,
      "peak_hours": [
        20.0,
        5.0,
        4.0
      ],
      "hourly_rates": {
        "0": 22,
        "1": 12,
        "2": 17,
        "3": 19,
        "4": 34,
        "5": 35,
        "6": 19,
        "7": 24,
        "8": 21,
        "9": 7,
        "10": 7,
        "11": 0,
        "12": 6,
        "13": 2,
        "14": 2,
        "15": 3,
        "16": 1,
        "17": 3,
        "18": 19,
        "19": 32,
        "20": 42,
        "21": 14,
        "22": 21,
        "23": 17
      }
    },
    "Bellary Road 1": {
      "total_incidents": 610,
      "base_rate_per_hour": 0.16874206647763618,
      "breakdown_pct": 0.7360655737704918,
      "construction_pct": 0.02459016393442623,
      "high_priority_pct": 1.0,
      "median_duration": 42.345254966666666,
      "closure_rate": 0.054098360655737705,
      "peak_hours": [
        4.0,
        20.0,
        19.0
      ],
      "hourly_rates": {
        "0": 25,
        "1": 37,
        "2": 37,
        "3": 29,
        "4": 52,
        "5": 48,
        "6": 44,
        "7": 29,
        "8": 21,
        "9": 27,
        "10": 8,
        "11": 7,
        "12": 5,
        "13": 5,
        "14": 1,
        "15": 0,
        "16": 1,
        "17": 1,